area_code,area_name,Female,Male,imd_avg_rank,imd_avg_score,imd_rank_of_avg_score,imd_prop_most_deprived_decile
E06000001,Hartlepool,80.3,77.3,23075.98,37.58,6,0.4211
E06000002,Middlesbrough,80.5,75.5,23840.54,40.037,2,0.5
E06000003,Redcar and Cleveland,81.5,77.0,20592.69,30.336,37,0.25
E06000004,Stockton-on-Tees,81.8,78.7,17658.71,25.83,69,0.1935
E06000005,Darlington,81.5,77.7,18611.35,25.713,72,0.197
E06000006,Halton,80.8,77.3,20886.57,31.117,31,0.3125
E06000007,Warrington,82.1,78.7,13072.02,16.835,174,0.0606
E06000008,Blackburn with Darwen,80.4,76.5,24567.65,36.899,10,0.3736
E06000009,Blackpool,79.1,73.7,26536.86,43.467,1,0.4043
E06000010,"Kingston upon Hull, City of",80.4,75.5,24324.73,37.206,8,0.4167
E06000011,East Riding of Yorkshire,83.4,80.0,12648.72,15.755,189,0.061
E06000012,North East Lincolnshire,81.1,76.8,19754.27,30.213,39,0.271
E06000013,North Lincolnshire,82.3,77.6,18590.12,23.473,99,0.1165
E06000014,York,83.7,79.7,9512.5,11.814,251,0.0
E06000015,Derby,81.8,78.3,19898.13,28.155,52,0.1842
E06000016,Leicester,81.3,77.0,25204.55,34.449,16,0.2
E06000017,Rutland,84.8,81.9,8552.38,9.851,276,0.0
E06000018,Nottingham,80.8,76.4,24079.07,33.747,20,0.3073
E06000019,"Herefordshire, County of",83.6,80.2,16764.48,18.762,152,0.0085
E06000020,Telford and Wrekin,82.2,78.3,19007.58,24.423,84,0.1304
E06000021,Stoke-on-Trent,80.7,77.1,23586.1,33.614,21,0.2883
E06000022,Bath and North East Somerset,84.9,81.4,10247.52,12.281,245,0.0254
E06000023,"Bristol, City of",83.0,78.5,17434.22,22.496,110,0.1119
E06000024,North Somerset,84.2,80.8,12208.97,15.456,192,0.0652
E06000025,South Gloucestershire,84.7,81.0,10114.56,11.614,254,0.0
E06000026,Plymouth,82.6,78.6,18688.94,24.087,87,0.1159
E06000027,Torbay,83.2,78.6,21271.67,26.917,60,0.1099
E06000030,Swindon,83.7,79.9,14096.54,17.554,167,0.0714
E06000031,Peterborough,81.9,78.1,21226.31,27.799,54,0.1322
E06000032,Luton,82.6,78.6,22777.92,29.548,45,0.136
E06000033,Southend-on-Sea,82.9,78.7,18080.37,24.027,89,0.1111
E06000034,Thurrock,82.7,78.9,17963.05,21.032,122,0.03
E06000035,Medway,82.6,78.7,19136.32,24.354,85,0.0888
E06000036,Bracknell Forest,85.2,81.2,8640.96,10.084,271,0.0
E06000037,West Berkshire,84.7,81.7,9686.36,11.049,261,0.0
E06000038,Reading,83.3,79.4,16030.61,18.558,155,0.0
E06000039,Slough,82.6,77.9,20246.11,22.967,105,0.0
E06000040,Windsor and Maidenhead,85.4,81.8,7338.72,8.881,285,0.0
E06000041,Wokingham,85.8,82.8,4328.48,6.102,295,0.0
E06000042,Milton Keynes,83.0,80.2,15478.75,18.503,156,0.0482
E06000043,Brighton and Hove,83.6,79.4,16380.88,20.266,133,0.0788
E06000044,Portsmouth,82.6,78.1,20239.91,26.378,64,0.12
E06000045,Southampton,82.6,78.0,20194.24,25.611,73,0.1184
E06000046,Isle of Wight,84.0,80.5,20855.08,24.599,83,0.0337
E06000047,County Durham,81.3,77.8,21488.54,28.808,49,0.1697
E06000049,Cheshire East,83.8,80.2,11388.25,14.169,212,0.0246
E06000050,Cheshire West and Chester,83.7,79.6,13879.12,17.736,163,0.0856
E06000051,Shropshire,84.0,80.4,15695.07,17.604,166,0.0101
E06000052,Cornwall,83.6,79.5,19456.45,22.321,112,0.0327
E06000054,Wiltshire,84.7,81.3,11989.35,13.608,225,0.0065
E06000055,Bedford,83.9,79.6,16413.2,19.747,138,0.0427
E06000056,Central Bedfordshire,84.2,80.6,11409.7,13.102,232,0.0
E06000057,Northumberland,83.2,79.1,17154.36,21.963,115,0.11
E06000058,"Bournemouth, Christchurch and Poole",83.9,79.7,14728.21,17.513,169,0.05
E06000059,Dorset,84.8,81.1,14451.08,16.268,180,0.0224
E06000060,Buckinghamshire,85.5,81.5,10315.59,11.921,250,0.0
E06000061,North Northamptonshire,82.6,78.8,15417.41,18.472,157,0.0439
E06000062,West Northamptonshire,83.6,79.6,13988.3,16.646,177,0.021
E06000063,Cumberland,81.7,77.8,18871.62,23.807,95,0.1017
E06000064,Westmorland and Furness,83.8,79.9,14870.31,17.836,161,0.0634
E06000065,North Yorkshire,84.1,80.4,13523.03,15.799,188,0.0264
E06000066,Somerset,84.1,80.2,16776.04,19.137,143,0.0206
E07000008,Cambridge,84.0,80.6,9840.08,11.471,257,0.0
E07000009,East Cambridgeshire,84.9,82.1,10996.11,12.217,247,0.0
E07000010,Fenland,82.3,77.8,21985.08,26.1,66,0.0893
E07000011,Huntingdonshire,84.1,81.0,10441.25,11.804,252,0.0
E07000012,South Cambridgeshire,85.4,82.5,7928.12,9.338,283,0.0
E07000032,Amber Valley,82.6,78.9,15416.02,18.593,154,0.038
E07000033,Bolsover,81.0,77.5,21151.94,25.728,71,0.06
E07000034,Chesterfield,81.6,77.6,19824.62,25.388,77,0.1159
E07000035,Derbyshire Dales,84.7,81.4,12267.26,13.761,222,0.0233
E07000036,Erewash,82.1,78.6,16252.29,20.726,127,0.0822
E07000037,High Peak,82.8,79.5,14857.49,17.642,164,0.0508
E07000038,North East Derbyshire,83.3,79.9,15478.53,18.689,153,0.0469
E07000039,South Derbyshire,83.4,80.4,12308.24,14.369,211,0.0161
E07000040,East Devon,85.6,81.4,13234.3,14.548,205,0.0
E07000041,Exeter,83.1,79.1,13807.01,15.946,185,0.0
E07000042,Mid Devon,84.1,80.7,17272.33,18.984,150,0.0
E07000043,North Devon,83.6,79.2,18856.77,22.002,114,0.0508
E07000044,South Hams,85.6,81.5,14013.15,15.115,199,0.0
E07000045,Teignbridge,84.9,81.1,15446.44,17.18,172,0.0
E07000046,Torridge,83.8,80.3,20911.35,23.865,94,0.0
E07000047,West Devon,85.3,80.7,17675.39,19.096,146,0.0
E07000061,Eastbourne,83.3,78.9,18944.08,23.904,93,0.1333
E07000062,Hastings,81.6,76.6,25467.53,37.255,7,0.3396
E07000063,Lewes,84.8,80.8,14661.52,16.774,175,0.0
E07000064,Rother,83.0,80.4,19086.86,22.519,109,0.0517
E07000065,Wealden,85.0,82.5,11185.6,12.655,239,0.0
E07000066,Basildon,83.3,80.2,17615.34,22.599,106,0.0804
E07000067,Braintree,83.6,80.2,15016.0,16.638,178,0.0
E07000068,Brentwood,85.1,82.1,9499.77,10.942,264,0.0
E07000069,Castle Point,84.3,80.1,15200.88,17.64,165,0.0175
E07000070,Chelmsford,84.3,81.3,11282.76,13.122,230,0.0
E07000071,Colchester,83.9,80.1,14827.59,17.339,171,0.0171
E07000072,Epping Forest,85.3,80.6,12591.81,14.101,215,0.0
E07000073,Harlow,82.8,78.8,19106.71,21.659,116,0.0172
E07000074,Maldon,83.6,80.6,14651.01,15.976,184,0.0
E07000075,Rochford,84.3,81.1,9526.62,11.423,258,0.0189
E07000076,Tendring,82.2,78.1,23237.65,32.08,25,0.2022
E07000077,Uttlesford,86.4,82.8,8667.39,9.968,274,0.0
E07000078,Cheltenham,84.0,80.0,10306.3,12.961,234,0.026
E07000079,Cotswold,84.6,82.0,10928.22,12.052,249,0.0
E07000080,Forest of Dean,83.6,79.7,17517.86,19.129,144,0.0
E07000081,Gloucester,82.1,78.3,16397.89,21.534,117,0.1098
E07000082,Stroud,84.4,80.8,11250.16,12.629,241,0.0
E07000083,Tewkesbury,84.7,81.4,9841.54,11.549,255,0.0179
E07000084,Basingstoke and Deane,84.3,81.5,11220.01,12.953,235,0.0
E07000085,East Hampshire,85.0,82.3,8300.38,9.881,275,0.0
E07000086,Eastleigh,85.2,81.7,9327.1,10.996,263,0.0
E07000087,Fareham,85.3,81.5,6244.64,8.067,290,0.0
E07000088,Gosport,82.3,79.0,18904.9,23.45,101,0.0893
E07000089,Hart,86.2,83.7,4236.16,5.914,296,0.0
E07000090,Havant,83.4,80.1,16449.59,21.459,119,0.1139
E07000091,New Forest,85.3,81.7,11096.91,12.941,236,0.0175
E07000092,Rushmoor,83.4,80.5,13183.28,15.157,198,0.0
E07000093,Test Valley,84.9,82.0,10496.99,12.166,248,0.0
E07000094,Winchester,86.3,82.4,8709.28,10.218,267,0.0
E07000095,Broxbourne,85.2,80.9,15812.06,17.8,162,0.0
E07000096,Dacorum,84.7,80.7,12294.02,14.031,217,0.0
E07000098,Hertsmere,85.4,80.7,12233.33,14.123,214,0.0159
E07000099,North Hertfordshire,84.3,81.5,9701.1,11.312,259,0.0
E07000102,Three Rivers,85.0,81.9,8474.95,9.978,273,0.0
E07000103,Watford,83.8,79.8,14446.32,16.254,181,0.0
E07000105,Ashford,83.9,80.3,16881.1,19.717,139,0.037
E07000106,Canterbury,83.7,79.9,15870.85,19.219,142,0.0435
E07000107,Dartford,83.1,79.9,15079.12,17.375,170,0.0149
E07000108,Dover,83.6,79.0,20097.95,24.869,81,0.1159
E07000109,Gravesham,83.7,79.1,19077.72,23.624,97,0.0923
E07000110,Maidstone,83.9,80.3,15572.46,18.093,160,0.0303
E07000111,Sevenoaks,85.3,82.2,12546.49,14.37,210,0.0133
E07000112,Folkestone and Hythe,83.0,78.2,20407.28,25.193,79,0.0746
E07000113,Swale,83.2,78.9,20715.83,26.683,62,0.1444
E07000114,Thanet,82.0,77.2,22856.68,32.017,26,0.186
E07000115,Tonbridge and Malling,84.6,80.7,11244.09,13.023,233,0.0
E07000116,Tunbridge Wells,84.9,81.3,12282.24,13.894,219,0.0
E07000117,Burnley,80.3,76.1,25410.62,38.681,3,0.4
E07000118,Chorley,82.2,78.4,13355.99,16.381,179,0.0429
E07000119,Fylde,83.4,79.7,13580.56,15.712,190,0.0392
E07000120,Hyndburn,80.0,76.6,24251.07,35.43,14,0.3208
E07000121,Lancaster,81.8,77.7,16770.21,22.408,111,0.1136
E07000122,Pendle,81.9,78.0,24347.02,35.285,15,0.3509
E07000123,Preston,81.6,76.9,20849.23,28.762,50,0.1724
E07000124,Ribble Valley,84.9,81.3,8521.67,9.997,272,0.0
E07000125,Rossendale,81.4,77.5,20705.63,25.988,67,0.093
E07000126,South Ribble,84.2,80.4,11514.27,14.136,213,0.0286
E07000127,West Lancashire,82.3,79.8,14339.88,18.265,159,0.0548
E07000128,Wyre,82.2,78.8,15841.7,20.864,125,0.1304
E07000129,Blaby,84.5,81.2,9191.26,10.5,266,0.0
E07000130,Charnwood,84.0,79.9,11308.29,13.272,228,0.0196
E07000131,Harborough,84.8,81.3,7859.43,9.224,284,0.0
E07000132,Hinckley and Bosworth,83.7,80.2,12057.39,13.703,224,0.0
E07000133,Melton,83.9,80.8,13123.92,14.866,202,0.0
E07000134,North West Leicestershire,83.6,80.3,13269.84,15.307,194,0.0167
E07000135,Oadby and Wigston,83.8,80.9,11425.7,13.428,227,0.0
E07000136,Boston,81.9,76.7,22656.79,28.459,51,0.1282
E07000137,East Lindsey,81.7,77.6,23262.04,30.392,36,0.1463
E07000138,Lincoln,81.0,75.9,21464.76,28.872,47,0.2
E07000139,North Kesteven,83.2,80.6,11620.74,13.168,229,0.0
E07000140,South Holland,82.9,78.9,18826.66,20.984,123,0.0196
E07000141,South Kesteven,83.5,80.3,12928.87,15.161,196,0.0357
E07000142,West Lindsey,83.7,79.2,17009.94,21.492,118,0.1132
E07000143,Breckland,83.4,79.8,18092.91,20.374,129,0.0125
E07000144,Broadland,84.2,81.1,11003.96,12.222,246,0.0
E07000145,Great Yarmouth,81.5,77.6,23697.24,34.228,18,0.25
E07000146,King's Lynn and West Norfolk,83.6,79.5,20364.86,24.054,88,0.0543
E07000147,North Norfolk,84.9,80.1,19348.27,21.114,121,0.0
E07000148,Norwich,82.6,78.1,20585.2,26.262,65,0.1176
E07000149,South Norfolk,84.5,81.2,11946.35,13.115,231,0.0
E07000170,Ashfield,81.7,77.0,20205.43,25.568,74,0.1169
E07000171,Bassetlaw,82.7,78.9,18287.97,22.54,108,0.0725
E07000172,Broxtowe,83.5,80.1,11483.72,13.752,223,0.0
E07000173,Gedling,83.8,79.6,12368.1,14.485,206,0.013
E07000174,Mansfield,81.6,77.4,20108.67,26.909,61,0.1324
E07000175,Newark and Sherwood,83.2,79.4,15815.79,19.056,147,0.0405
E07000176,Rushcliffe,85.6,82.0,6207.46,7.838,294,0.0
E07000177,Cherwell,84.1,81.0,10900.53,12.624,242,0.0
E07000178,Oxford,84.1,80.7,12110.23,14.423,208,0.0238
E07000179,South Oxfordshire,86.0,82.2,7046.39,8.546,287,0.0
E07000180,Vale of White Horse,85.4,81.7,8049.8,9.472,281,0.0
E07000181,West Oxfordshire,85.4,81.9,8641.18,10.148,269,0.0
E07000192,Cannock Chase,82.3,79.1,16960.75,19.899,136,0.0328
E07000193,East Staffordshire,83.4,79.6,15520.06,19.021,148,0.0556
E07000194,Lichfield,84.5,80.9,10996.25,12.737,237,0.0
E07000195,Newcastle-under-Lyme,82.8,79.2,16217.06,19.001,149,0.025
E07000196,South Staffordshire,84.4,80.3,11890.68,13.527,226,0.0
E07000197,Stafford,83.7,80.4,11750.56,13.901,218,0.0123
E07000198,Staffordshire Moorlands,83.7,79.9,12834.74,14.829,204,0.0
E07000199,Tamworth,82.9,79.3,16417.46,20.233,134,0.1176
E07000200,Babergh,85.0,81.7,13985.49,15.388,193,0.0
E07000202,Ipswich,83.0,79.2,19600.75,25.457,76,0.1294
E07000203,Mid Suffolk,85.2,80.7,13278.81,14.429,207,0.0175
E07000207,Elmbridge,86.0,82.4,6241.47,8.047,291,0.0
E07000208,Epsom and Ewell,85.7,81.4,6217.99,7.975,293,0.0
E07000209,Guildford,85.4,81.6,7826.94,9.468,282,0.0
E07000210,Mole Valley,85.6,82.3,8300.63,9.77,278,0.0
E07000211,Reigate and Banstead,85.0,81.5,8500.47,10.14,270,0.0
E07000212,Runnymede,83.9,80.6,10877.1,12.394,244,0.0
E07000213,Spelthorne,84.9,80.9,13185.89,14.861,203,0.0
E07000214,Surrey Heath,85.1,82.5,6353.43,8.037,292,0.0
E07000215,Tandridge,85.2,82.3,11232.29,12.532,243,0.0
E07000216,Waverley,85.9,82.4,6584.4,8.128,288,0.0
E07000217,Woking,85.3,81.3,9658.72,11.508,256,0.0
E07000218,North Warwickshire,82.1,78.8,17450.49,20.081,135,0.0263
E07000219,Nuneaton and Bedworth,82.4,78.3,19393.16,23.971,91,0.0833
E07000220,Rugby,82.9,79.6,12170.81,14.059,216,0.0
E07000221,Stratford-on-Avon,85.4,81.3,10620.9,11.767,253,0.0
E07000222,Warwick,84.0,80.7,9291.22,10.799,265,0.0114
E07000223,Adur,84.0,80.8,13273.81,14.99,200,0.0
E07000224,Arun,83.9,79.6,16592.0,19.416,141,0.0505
E07000225,Chichester,84.8,80.0,14286.9,15.599,191,0.0
E07000226,Crawley,84.1,80.2,18486.19,20.786,126,0.0149
E07000227,Horsham,85.5,82.2,8178.03,9.611,279,0.0
E07000228,Mid Sussex,85.2,81.5,7111.69,8.658,286,0.0
E07000229,Worthing,83.5,79.8,13978.12,15.928,186,0.0
E07000234,Bromsgrove,84.0,80.9,9144.95,11.003,262,0.0
E07000235,Malvern Hills,84.2,80.7,14121.13,16.051,183,0.0222
E07000236,Redditch,83.0,79.7,15935.76,20.306,132,0.0702
E07000237,Worcester,83.2,78.5,14860.8,19.112,145,0.125
E07000238,Wychavon,84.7,80.3,14172.04,15.828,187,0.0
E07000239,Wyre Forest,83.1,78.5,17663.93,22.053,113,0.0746
E07000240,St Albans,85.2,82.3,6600.09,8.102,289,0.0
E07000241,Welwyn Hatfield,84.6,80.7,12370.86,13.866,220,0.0
E07000242,East Hertfordshire,85.6,82.0,8372.79,9.831,277,0.0
E07000243,Stevenage,82.3,79.5,17284.52,18.919,151,0.0
E07000244,East Suffolk,83.8,80.6,16526.68,20.316,131,0.0759
E07000245,West Suffolk,84.4,81.0,14559.15,16.165,182,0.0
E08000001,Bolton,81.4,76.9,21894.64,31.41,30,0.2599
E08000002,Bury,82.0,78.1,18496.3,24.008,90,0.1083
E08000003,Manchester,80.1,75.6,25957.3,38.677,4,0.4068
E08000004,Oldham,81.3,77.3,24286.25,36.83,11,0.3732
E08000005,Rochdale,81.3,77.3,23877.78,34.331,17,0.3111
E08000006,Salford,80.9,76.7,22764.19,32.345,24,0.2547
E08000007,Stockport,83.4,79.5,13988.18,18.404,158,0.0785
E08000008,Tameside,81.1,76.9,22321.02,29.836,44,0.1761
E08000009,Trafford,83.7,79.8,11881.22,14.972,201,0.0432
E08000010,Wigan,81.3,77.4,18652.76,25.206,78,0.155
E08000011,Knowsley,80.3,77.2,24167.14,36.157,13,0.4
E08000012,Liverpool,80.3,76.1,24476.3,37.11,9,0.3675
E08000013,St. Helens,81.0,77.5,20369.74,28.953,46,0.2314
E08000014,Sefton,82.0,78.7,18364.97,25.15,80,0.1885
E08000015,Wirral,82.0,78.2,18517.76,27.473,58,0.2344
E08000017,Doncaster,81.3,76.9,21877.3,30.523,35,0.2312
E08000018,Rotherham,81.2,78.2,20913.02,29.836,43,0.2118
E08000021,Newcastle upon Tyne,81.9,77.5,19744.45,28.834,48,0.2611
E08000022,North Tyneside,82.0,78.2,16251.46,20.932,124,0.0827
E08000023,South Tyneside,81.0,76.8,22741.19,31.061,32,0.2136
E08000024,Sunderland,81.2,77.1,22974.73,32.76,22,0.2757
E08000025,Birmingham,81.8,77.1,25089.35,38.115,5,0.4279
E08000026,Coventry,81.8,77.4,20616.29,27.528,57,0.1773
E08000027,Dudley,83.0,78.9,17942.87,23.174,103,0.1084
E08000028,Sandwell,81.2,76.7,25389.96,33.772,19,0.1632
E08000029,Solihull,84.3,80.2,12647.41,17.04,173,0.1343
E08000030,Walsall,81.8,77.6,22512.04,31.732,28,0.2485
E08000031,Wolverhampton,81.2,77.1,23727.39,32.552,23,0.2174
E08000032,Bradford,81.7,77.0,23730.0,36.713,12,0.3686
E08000033,Calderdale,82.5,78.2,20325.12,27.582,55,0.2016
E08000034,Kirklees,82.0,78.0,19464.14,25.805,70,0.1346
E08000035,Leeds,82.6,78.8,17398.17,24.115,86,0.1721
E08000036,Wakefield,81.4,77.7,20586.9,27.247,59,0.1721
E08000037,Gateshead,81.5,76.9,20798.24,28.128,53,0.1905
E09000002,Barking and Dagenham,81.7,78.3,25038.67,30.266,38,0.0174
E09000003,Barnet,85.9,82.5,17134.88,19.499,140,0.0045
E09000004,Bexley,83.5,80.3,12983.4,15.302,195,0.0
E09000005,Brent,85.5,80.0,23737.65,30.046,41,0.1547
E09000006,Bromley,85.7,81.9,10479.35,12.673,238,0.005
E09000007,Camden,85.9,80.7,19647.6,23.695,96,0.0308
E09000008,Croydon,84.3,79.9,18551.98,22.562,107,0.0349
E09000009,Ealing,85.4,80.6,21688.64,25.947,68,0.0302
E09000010,Enfield,85.1,81.2,22538.62,29.888,42,0.1803
E09000011,Greenwich,82.9,79.4,20217.62,23.539,98,0.0
E09000012,Hackney,82.9,78.3,24813.48,31.795,27,0.1611
E09000013,Hammersmith and Fulham,84.6,80.0,18491.87,21.202,120,0.0174
E09000014,Haringey,85.5,80.0,23134.61,30.856,33,0.1905
E09000015,Harrow,85.8,81.9,15791.19,17.527,168,0.0
E09000016,Havering,84.0,80.5,14471.72,16.755,176,0.0065
E09000017,Hillingdon,84.5,80.0,17826.91,20.653,128,0.0
E09000018,Hounslow,84.7,80.3,21445.12,24.859,82,0.02
E09000019,Islington,83.7,78.7,22487.79,26.651,63,0.0397
E09000020,Kensington and Chelsea,87.1,82.2,17076.3,20.339,130,0.0297
E09000021,Kingston upon Thames,85.4,82.0,9596.44,11.063,260,0.0
E09000022,Lambeth,83.8,78.9,20360.2,23.041,104,0.0055
E09000023,Lewisham,83.6,78.9,21676.6,25.472,75,0.0171
E09000024,Merton,85.0,80.9,12518.56,14.384,209,0.0
E09000025,Newham,83.6,79.2,25157.21,31.583,29,0.0541
E09000026,Redbridge,85.0,80.9,17221.45,19.854,137,0.0183
E09000027,Richmond upon Thames,86.8,82.7,7866.61,9.532,280,0.0
E09000028,Southwark,83.7,79.4,20380.68,23.328,102,0.0
E09000029,Sutton,84.5,80.9,11826.33,13.85,221,0.0081
E09000030,Tower Hamlets,82.9,78.7,23847.49,30.554,34,0.1302
E09000031,Waltham Forest,84.0,79.8,20500.1,23.453,100,0.0068
E09000032,Wandsworth,85.1,80.6,13272.79,15.157,197,0.0
E09000033,Westminster,86.4,81.9,19406.31,23.931,92,0.0894
